function,dimension,optimizer,seed,budget,tolerance,best_f,best_x,f_evaluations,gradient_evaluations,equivalent_evaluations,iterations,success,learning_rate,initial_x
rastrigin,3,gd,0,10000,0.0001,29.8485131821896,"[0.9949586385244673, -1.9899122342827462, -4.974691390376891]",301,301,2107,300,False,0.0002,"[1.402487678171692, -2.357384051057968, -4.700431114893367]"
rastrigin,3,gd,1,10000,0.0001,40.79296672700375,"[7.564762478071133e-11, 4.974691389994564, -3.979783859750038]",304,304,2128,303,False,0.0002,"[0.12105343693062842, 4.612748250377577, -3.6438055657509505]"
rastrigin,3,gd,2,10000,0.0001,16.914263622595183,"[-1.9899122344304514, -1.9899122337413375, 2.984855701165256]",303,303,2121,302,False,0.0002,"[-2.4410917452870002, -2.0634506914393773, 3.217671583685431]"
rastrigin,3,gd,3,10000,0.0001,33.82844627543555,"[-3.9797838626602986, -2.9848556975571445, 2.984855701754342]",292,292,2044,291,False,0.0002,"[-4.242952528449287, -2.695060412455939, 3.0850505237135044]"
rastrigin,3,gd,4,10000,0.0001,49.747445869084444,"[4.974691387909622, 2.9053953741233645e-11, 4.974691390860884]",328,328,2296,327,False,0.0002,"[4.536894521061044, 0.11599414081906279, 4.8767355464468904]"
rastrigin,3,gd,5,10000,0.0001,17.90920248297402,"[2.984855701708414, 2.9848557018755315, 7.428076728468924e-10]",282,282,1974,281,False,0.0002,"[3.1232299391526928, 3.1533136869016962, 0.1569337450715338]"
rastrigin,3,gd,6,10000,0.0001,4.974790247647377,"[1.6744471259948469e-09, -1.989912231707782, -0.9949586387069805]",303,303,2121,302,False,0.0002,"[0.39080295907269846, -1.6049062931114144, -1.3407514644953267]"
rastrigin,3,gd,7,10000,0.0001,25.86880409104183,"[0.9949586387962519, 3.979783860591819, 2.9848557004463117]",287,287,2009,286,False,0.0002,"[1.2809775780317896, 4.067469321928454, 2.823021468110782]"
rastrigin,3,gd,8,10000,0.0001,32.833385315650396,"[-1.9899122335348072, 4.9746913909066866, -1.9899122336174553]",283,283,1981,282,False,0.0002,"[-1.7718038875590585, 4.989714875780357, -1.8564010139083087]"
rastrigin,3,gd,9,10000,0.0001,20.894034040108906,"[3.979783860117408, -1.9899122338522417, 0.9949586376923909]",285,285,1995,284,False,0.0002,"[3.791351848653666, -2.182991778943433, 1.0562370565279933]"
rastrigin,3,gd,10,10000,0.0001,42.78292541751624,"[4.9746913896974485, -2.9848557010531382, 2.9848557021368487]",298,298,2086,297,False,0.0002,"[4.6694575066007085, -2.993338264789536, 3.3632756252111955]"
rastrigin,3,gd,11,10000,0.0001,16.914202849554822,"[-3.979783857998332, -6.690621266780329e-11, 0.994958638058754]",281,281,1967,280,False,0.0002,"[-3.8034411236433963, -0.0073946886132230105, 1.0393431820631802]"
rastrigin,3,gd,12,10000,0.0001,42.78292541751624,"[-2.9848557008940526, 4.974691390769993, -2.984855701049519]",315,315,2205,314,False,0.0002,"[-2.551557548969512, 4.5747501348805075, -3.1813592623128444]"
rastrigin,3,gd,13,10000,0.0001,40.79308882641007,"[3.9797838594242436, 3.9797838583085254, 2.9848557015305603]",298,298,2086,297,False,0.0002,"[3.735527291049846, 3.6382977529042835, 3.1848796035516633]"
rastrigin,3,gd,14,10000,0.0001,13.929391489134389,"[2.9848557027844027, -0.9949586402350541, 1.9899122338789612]",303,303,2121,302,False,0.0002,"[3.389269185424502, -1.4239061316172128, 2.0760504891602425]"
rastrigin,3,gd,15,10000,0.0001,16.914263622595183,"[1.9899122336933488, 2.9848557013302237, -1.9899122325093288]",301,301,2107,300,False,0.0002,"[1.97369208796316, 3.2339672200812286, -1.5932748002011476]"
rastrigin,3,gd,16,10000,0.0001,17.90916190664811,"[0.9949586376164451, -0.9949586376221476, -3.979783860316197]",293,293,2051,292,False,0.0002,"[0.685228430124698, -0.7091799501804994, -4.156684027273989]"
rastrigin,3,gd,17,10000,0.0001,25.86880409104183,"[3.979783858278669, -2.9848557016294555, 0.9949586373974776]",325,325,2275,324,False,0.0002,"[3.5335658782505126, -3.471635546428345, 0.5913041650246873]"
rastrigin,3,gd,18,10000,0.0001,8.954621438201464,"[-0.9949586377480145, 1.9899122344771394, -1.9899122345671365]",287,287,2009,286,False,0.0002,"[-1.031108923212055, 2.226326315911333, -2.2443691209113252]"
rastrigin,3,gd,19,10000,0.0001,20.894034040108906,"[-0.9949586374298585, 3.9797838611126637, -1.9899122342520459]",296,296,2072,295,False,0.0002,"[-0.815321131732369, 4.360902090923045, -2.3155713239215916]"
rastrigin,3,gd,20,10000,0.0001,19.899074983015616,"[-1.9899122344714772, -2.315558769835629e-09, -3.979783859995831]",298,298,2086,297,False,0.0002,"[-2.2520221426671685, -0.39785769161787243, -3.873590348017235]"
rastrigin,3,gd,21,10000,0.0001,13.929391489134389,"[2.9848556993277833, 0.9949586389047788, 1.9899122361024952]",279,279,1953,278,False,0.0002,"[2.878644109490903, 1.0838735828067128, 2.1483641897822734]"
rastrigin,3,gd,22,10000,0.0001,25.86880409104183,"[-0.9949586404320485, -2.984855701417013, -3.979783861419722]",294,294,2058,293,False,0.0002,"[-1.3686075859755409, -3.0792153151991513, -4.213162257804504]"
rastrigin,3,gd,23,10000,0.0001,20.894034040108906,"[1.989912233708302, 0.9949586377707788, -3.9797838602851714]",305,305,2135,304,False,0.0002,"[1.98587474593141, 1.4485321817930812, -3.802683142987405]"
rastrigin,3,gd,24,10000,0.0001,5.969749304740667,"[-1.9899122325638336, -0.9949586375771952, 0.9949586367306607]",288,288,2016,287,False,0.0002,"[-1.7380471125062105, -0.9709842878551669, 0.7653152699104462]"
rastrigin,3,gd,25,10000,0.0001,42.782925417516246,"[-2.9848557048795485, -4.9746913911257495, -2.98485570091985]",311,311,2177,310,False,0.0002,"[-3.4742145717042403, -5.116804759848923, -2.9020317239007545]"
rastrigin,3,gd,26,10000,0.0001,24.87384503394854,"[-1.2977719075704152e-10, -2.98485570038237, -3.979783862369906]",302,302,2114,301,False,0.0002,"[-0.08602708372577794, -2.7197488747733347, -4.427696556110581]"
rastrigin,3,gd,27,10000,0.0001,23.878906173569703,"[1.9899122340944566, -1.9899122327418646, -3.979783858935344]",275,275,1925,274,False,0.0002,"[2.0248188567222813, -1.9065418524423001, -3.878941707656936]"
rastrigin,3,gd,28,10000,0.0001,40.79308882641007,"[3.9797838570071664, 3.979783860197654, 2.9848557000559195]",302,302,2114,301,False,0.0002,"[3.6027795044572946, 3.941303849747082, 2.720855311949472]"
rastrigin,3,gd,29,10000,0.0001,24.873722934542222,"[-4.974691389037609, 7.528671092815368e-11, 2.638735832214611e-10]",303,303,2121,302,False,0.0002,"[-4.607519023574334, 0.0647403373716422, 0.19695646340824613]"
