function,dimension,optimizer,seed,budget,tolerance,best_f,best_x,f_evaluations,gradient_evaluations,equivalent_evaluations,iterations,success
rosenbrock,2,pso,0,10000,0.0001,1.996323441135054e-09,"[0.9999569610347007, 0.9999151238005273]",10000,0,10000,199,True
rosenbrock,2,pso,1,10000,0.0001,1.243734934208045e-10,"[1.000010933137603, 1.000022086394639]",10000,0,10000,199,True
rosenbrock,2,pso,2,10000,0.0001,7.732227674142754e-12,"[0.9999982229817446, 0.9999966598459071]",10000,0,10000,199,True
rosenbrock,2,pso,3,10000,0.0001,5.369356103038911e-12,"[1.0000022227752363, 1.0000045110249751]",10000,0,10000,199,True
rosenbrock,2,pso,4,10000,0.0001,1.735480611615033e-10,"[0.999987547310142, 0.999974664908206]",10000,0,10000,199,True
rosenbrock,2,pso,5,10000,0.0001,7.2392668905388115e-12,"[0.9999999050594446, 1.0000000790101993]",10000,0,10000,199,True
rosenbrock,2,pso,6,10000,0.0001,1.9325749895610584e-11,"[0.9999974162655468, 0.9999944768684542]",10000,0,10000,199,True
rosenbrock,2,pso,7,10000,0.0001,1.5990165872067574e-11,"[0.9999962239831149, 0.9999925795807296]",10000,0,10000,199,True
rosenbrock,2,pso,8,10000,0.0001,4.472305825423405e-13,"[1.000000644378252, 1.0000013066474898]",10000,0,10000,199,True
rosenbrock,2,pso,9,10000,0.0001,6.167545920639083e-11,"[0.999993810373885, 0.9999871374229906]",10000,0,10000,199,True
rosenbrock,2,pso,10,10000,0.0001,5.483141357634484e-10,"[0.9999910615731251, 0.9999842875243247]",10000,0,10000,199,True
rosenbrock,2,pso,11,10000,0.0001,3.2775024480791764e-14,"[0.999999913147576, 0.9999998104106762]",10000,0,10000,199,True
rosenbrock,2,pso,12,10000,0.0001,1.902842900064985e-10,"[1.0000137159815836, 1.0000275789892743]",10000,0,10000,199,True
rosenbrock,2,pso,13,10000,0.0001,3.6376712310176663e-13,"[0.9999994092378571, 0.9999988063240208]",10000,0,10000,199,True
rosenbrock,2,pso,14,10000,0.0001,2.8567144566571395e-12,"[0.9999984325618653, 0.9999969283600509]",10000,0,10000,199,True
rosenbrock,2,pso,15,10000,0.0001,1.595240349066052e-08,"[1.0001023348502793, 1.0002120828629704]",10000,0,10000,199,True
rosenbrock,2,pso,16,10000,0.0001,4.593316510881683e-10,"[1.0000159209287447, 1.00003040734381]",10000,0,10000,199,True
rosenbrock,2,pso,17,10000,0.0001,1.6219936530146344e-11,"[1.000004026075879, 1.0000080624876315]",10000,0,10000,199,True
rosenbrock,2,pso,18,10000,0.0001,5.629496643343483e-15,"[1.0000000748339275, 1.0000001502098932]",10000,0,10000,199,True
rosenbrock,2,pso,19,10000,0.0001,3.226059760472506e-09,"[0.999943214363952, 0.9998863114826368]",10000,0,10000,199,True
rosenbrock,2,pso,20,10000,0.0001,1.9745642475922893e-10,"[0.99998637134404, 0.999973085162609]",10000,0,10000,199,True
rosenbrock,2,pso,21,10000,0.0001,5.673651020826824e-10,"[0.99997623792376, 0.9999526416040098]",10000,0,10000,199,True
rosenbrock,2,pso,22,10000,0.0001,1.4706574650339821e-13,"[1.0000002438273408, 1.0000005172543989]",10000,0,10000,199,True
rosenbrock,2,pso,23,10000,0.0001,8.535274367464312e-13,"[1.0000008519461936, 1.0000017396303653]",10000,0,10000,199,True
rosenbrock,2,pso,24,10000,0.0001,6.4539071070784e-11,"[1.0000080334491679, 1.0000160617040341]",10000,0,10000,199,True
rosenbrock,2,pso,25,10000,0.0001,1.0114773604138143e-12,"[1.000000756130559, 1.0000014459484983]",10000,0,10000,199,True
rosenbrock,2,pso,26,10000,0.0001,5.460570823077579e-12,"[1.000002192840884, 1.0000044664343122]",10000,0,10000,199,True
rosenbrock,2,pso,27,10000,0.0001,2.93232408468635e-11,"[1.0000048012530922, 1.0000093521054039]",10000,0,10000,199,True
rosenbrock,2,pso,28,10000,0.0001,6.607065746956242e-11,"[1.0000002498689091, 1.0000013121923286]",10000,0,10000,199,True
rosenbrock,2,pso,29,10000,0.0001,5.084918031122712e-09,"[0.9999762156908371, 0.9999457094294845]",10000,0,10000,199,True
